version,domain,type,token_id,token,category,provenance
Token V4,math,Control,258,in,D 介词/功能词,DomainControl (four-baseline taxonomy)
Token V4,math,Control,263,on,D 介词/功能词,DomainControl (four-baseline taxonomy)
Token V4,math,Control,269,or,D 介词/功能词,DomainControl (four-baseline taxonomy)
Token V4,math,Control,300,as,D 介词/功能词,DomainControl (four-baseline taxonomy)
Token V4,math,Control,304, in,D 介词/功能词,DomainControl (four-baseline taxonomy)
Token V4,math,Control,323, and,D 介词/功能词,DomainControl (four-baseline taxonomy)
Token V4,math,Control,333,if,A 推理连接词,DomainControl (four-baseline taxonomy)
Token V4,math,Control,369, for,D 介词/功能词,DomainControl (four-baseline taxonomy)
Token V4,math,Control,389, on,D 介词/功能词,DomainControl (four-baseline taxonomy)
Token V4,math,Control,421, if,A 推理连接词,DomainControl (four-baseline taxonomy)
Token V4,math,Control,437,and,D 介词/功能词,DomainControl (four-baseline taxonomy)
Token V4,math,Control,438, as,D 介词/功能词,DomainControl (four-baseline taxonomy)
Token V4,math,Control,448, with,D 介词/功能词,DomainControl (four-baseline taxonomy)
Token V4,math,Control,476, or,D 介词/功能词,DomainControl (four-baseline taxonomy)
Token V4,math,Control,504, from,D 介词/功能词,DomainControl (four-baseline taxonomy)
Token V4,math,Control,553, by,D 介词/功能词,DomainControl (four-baseline taxonomy)
Token V4,math,Control,641,In,D 介词/功能词,DomainControl (four-baseline taxonomy)
Token V4,math,Control,704,so,A 推理连接词,DomainControl (four-baseline taxonomy)
Token V4,math,Control,714, but,A 推理连接词,DomainControl (four-baseline taxonomy)
Token V4,math,Control,758, In,D 介词/功能词,DomainControl (four-baseline taxonomy)
Token V4,math,Control,770, else,D 介词/功能词,DomainControl (four-baseline taxonomy)
Token V4,math,Control,773, so,A 推理连接词,DomainControl (four-baseline taxonomy)
Token V4,math,Control,911, about,D 介词/功能词,DomainControl (four-baseline taxonomy)
Token V4,math,Control,979, when,D 介词/功能词,DomainControl (four-baseline taxonomy)
Token V4,math,Control,983,to,D 介词/功能词,DomainControl (four-baseline taxonomy)
Token V4,math,Control,1075, like,D 介词/功能词,DomainControl (four-baseline taxonomy)
Token V4,math,Control,1083, also,A 推理连接词,DomainControl (four-baseline taxonomy)
Token V4,math,Control,1156, first,B 推理步骤/假设标记,DomainControl (four-baseline taxonomy)
Token V4,math,Control,1172, only,D 介词/功能词,DomainControl (four-baseline taxonomy)
Token V4,math,Control,1221, then,A 推理连接词,DomainControl (four-baseline taxonomy)
Token V4,math,Control,1249,To,D 介词/功能词,DomainControl (four-baseline taxonomy)
Token V4,math,Control,1283, after,D 介词/功能词,DomainControl (four-baseline taxonomy)
Token V4,math,Control,1380, where,D 介词/功能词,DomainControl (four-baseline taxonomy)
Token V4,math,Control,1393, while,D 介词/功能词,DomainControl (four-baseline taxonomy)
Token V4,math,Control,1416, If,A 推理连接词,DomainControl (four-baseline taxonomy)
Token V4,math,Control,1431, now,B 推理步骤/假设标记,DomainControl (four-baseline taxonomy)
Token V4,math,Control,1499,from,D 介词/功能词,DomainControl (four-baseline taxonomy)
Token V4,math,Control,1573, before,D 介词/功能词,DomainControl (four-baseline taxonomy)
Token V4,math,Control,1576, because,A 推理连接词,DomainControl (four-baseline taxonomy)
Token V4,math,Control,1597, And,D 介词/功能词,DomainControl (four-baseline taxonomy)
Token V4,math,Control,1634, As,D 介词/功能词,DomainControl (four-baseline taxonomy)
Token V4,math,Control,1694,by,D 介词/功能词,DomainControl (four-baseline taxonomy)
Token V4,math,Control,1752, For,D 介词/功能词,DomainControl (four-baseline taxonomy)
Token V4,math,Control,1790, next,B 推理步骤/假设标记,DomainControl (four-baseline taxonomy)
Token V4,math,Control,1913, On,D 介词/功能词,DomainControl (four-baseline taxonomy)
Token V4,math,Control,1925,On,D 介词/功能词,DomainControl (four-baseline taxonomy)
Token V4,math,Control,1958,for,D 介词/功能词,DomainControl (four-baseline taxonomy)
Token V4,math,Control,1986,This,D 介词/功能词,DomainControl (four-baseline taxonomy)
Token V4,math,Control,1988, But,A 推理连接词,DomainControl (four-baseline taxonomy)
Token V4,math,Control,2041, without,D 介词/功能词,DomainControl (four-baseline taxonomy)
Token V4,math,Control,2055, So,A 推理连接词,DomainControl (four-baseline taxonomy)
Token V4,math,Control,2058, still,A 推理连接词,DomainControl (four-baseline taxonomy)
Token V4,math,Control,2121,As,D 介词/功能词,DomainControl (four-baseline taxonomy)
Token V4,math,Control,2195,Or,D 介词/功能词,DomainControl (four-baseline taxonomy)
Token V4,math,Control,2461,For,D 介词/功能词,DomainControl (four-baseline taxonomy)
Token V4,math,Control,2474, since,A 推理连接词,DomainControl (four-baseline taxonomy)
Token V4,math,Control,2521, Or,D 介词/功能词,DomainControl (four-baseline taxonomy)
Token V4,math,Control,2661, given,D 介词/功能词,DomainControl (four-baseline taxonomy)
Token V4,math,Control,2679,If,A 推理连接词,DomainControl (four-baseline taxonomy)
Token V4,math,Control,2870,where,D 介词/功能词,DomainControl (four-baseline taxonomy)
Token V4,math,Control,2938, That,D 介词/功能词,DomainControl (four-baseline taxonomy)
Token V4,math,Control,3036,And,D 介词/功能词,DomainControl (four-baseline taxonomy)
Token V4,math,Control,3055, once,D 介词/功能词,DomainControl (four-baseline taxonomy)
Token V4,math,Control,3197, When,D 介词/功能词,DomainControl (four-baseline taxonomy)
Token V4,math,Control,3243,only,D 介词/功能词,DomainControl (four-baseline taxonomy)
Token V4,math,Control,3425, whether,A 推理连接词,DomainControl (four-baseline taxonomy)
Token V4,math,Control,3498, though,A 推理连接词,DomainControl (four-baseline taxonomy)
Token V4,math,Control,3602, yet,A 推理连接词,DomainControl (four-baseline taxonomy)
Token V4,math,Control,3650, except,D 介词/功能词,DomainControl (four-baseline taxonomy)
Token V4,math,Control,3830,From,D 介词/功能词,DomainControl (four-baseline taxonomy)
Token V4,math,Control,3983,But,A 推理连接词,DomainControl (four-baseline taxonomy)
Token V4,math,Control,4197,with,D 介词/功能词,DomainControl (four-baseline taxonomy)
Token V4,math,Control,4226, answer,C 答案标记,DomainControl (four-baseline taxonomy)
Token V4,math,Control,4354, However,A 推理连接词,DomainControl (four-baseline taxonomy)
Token V4,math,Control,4416,So,A 推理连接词,DomainControl (four-baseline taxonomy)
Token V4,math,Control,4518, instead,A 推理连接词,DomainControl (four-baseline taxonomy)
Token V4,math,Control,4623, further,A 推理连接词,DomainControl (four-baseline taxonomy)
Token V4,math,Control,4751, rather,A 推理连接词,DomainControl (four-baseline taxonomy)
Token V4,math,Control,4803,like,D 介词/功能词,DomainControl (four-baseline taxonomy)
Token V4,math,Control,5005, Then,A 推理连接词,DomainControl (four-baseline taxonomy)
Token V4,math,Control,5338,First,B 推理步骤/假设标记,DomainControl (four-baseline taxonomy)
Token V4,math,Control,5542, From,D 介词/功能词,DomainControl (four-baseline taxonomy)
Token V4,math,Control,5627, SO,A 推理连接词,DomainControl (four-baseline taxonomy)
Token V4,math,Control,5937, otherwise,A 推理连接词,DomainControl (four-baseline taxonomy)
Token V4,math,Control,6788, earlier,D 介词/功能词,DomainControl (four-baseline taxonomy)
Token V4,math,Control,7039,Now,B 推理步骤/假设标记,DomainControl (four-baseline taxonomy)
Token V4,math,Control,7241, unless,A 推理连接词,DomainControl (four-baseline taxonomy)
Token V4,math,Control,8088,but,A 推理连接词,DomainControl (four-baseline taxonomy)
Token V4,math,Control,8450, thus,A 推理连接词,DomainControl (four-baseline taxonomy)
Token V4,math,Control,8704, Since,A 推理连接词,DomainControl (four-baseline taxonomy)
Token V4,math,Control,9064,Where,D 介词/功能词,DomainControl (four-baseline taxonomy)
Token V4,math,Control,9112,Note,B 推理步骤/假设标记,DomainControl (four-baseline taxonomy)
Token V4,math,Control,9211, Because,A 推理连接词,DomainControl (four-baseline taxonomy)
Token V4,math,Control,9658, assume,B 推理步骤/假设标记,DomainControl (four-baseline taxonomy)
Token V4,math,Control,10694,after,D 介词/功能词,DomainControl (four-baseline taxonomy)
Token V4,math,Control,11209,However,A 推理连接词,DomainControl (four-baseline taxonomy)
Token V4,math,Control,11284,since,A 推理连接词,DomainControl (four-baseline taxonomy)
Token V4,math,Control,11683,except,D 介词/功能词,DomainControl (four-baseline taxonomy)
Token V4,math,Control,12209,Then,A 推理连接词,DomainControl (four-baseline taxonomy)
Token V4,math,Control,12549,Since,A 推理连接词,DomainControl (four-baseline taxonomy)
Token V4,math,Control,12824, indeed,A 推理连接词,DomainControl (four-baseline taxonomy)
Token V4,math,Control,13394,Also,A 推理连接词,DomainControl (four-baseline taxonomy)
Token V4,math,Control,15277, Therefore,A 推理连接词,DomainControl (four-baseline taxonomy)
Token V4,math,Control,15484, regardless,D 介词/功能词,DomainControl (four-baseline taxonomy)
Token V4,math,Control,16085, hence,A 推理连接词,DomainControl (four-baseline taxonomy)
Token V4,math,Control,17949,Because,A 推理连接词,DomainControl (four-baseline taxonomy)
Token V4,math,Control,22043,Given,D 介词/功能词,DomainControl (four-baseline taxonomy)
Token V4,math,Control,22477, suppose,B 推理步骤/假设标记,DomainControl (four-baseline taxonomy)
Token V4,math,Control,23322,Still,A 推理连接词,DomainControl (four-baseline taxonomy)
Token V4,math,Control,25156, separately,D 介词/功能词,DomainControl (four-baseline taxonomy)
Token V4,math,Control,27653,because,A 推理连接词,DomainControl (four-baseline taxonomy)
Token V4,math,Control,28996,without,D 介词/功能词,DomainControl (four-baseline taxonomy)
Token V4,math,Control,30787,Instead,A 推理连接词,DomainControl (four-baseline taxonomy)
Token V4,math,Control,31040, Hence,A 推理连接词,DomainControl (four-baseline taxonomy)
Token V4,math,Control,38770,unless,A 推理连接词,DomainControl (four-baseline taxonomy)
Token V4,math,Control,41968,given,D 介词/功能词,DomainControl (four-baseline taxonomy)
Token V4,math,Control,44500,Thus,A 推理连接词,DomainControl (four-baseline taxonomy)
Token V4,math,Control,54815,Therefore,A 推理连接词,DomainControl (four-baseline taxonomy)
Token V4,math,Control,67691,Similarly,A 推理连接词,DomainControl (four-baseline taxonomy)
Token V4,math,Control,73877, Conclusion,C 答案标记,DomainControl (four-baseline taxonomy)
Token V4,math,Control,92014,Alternatively,A 推理连接词,DomainControl (four-baseline taxonomy)
Token V4,math,Structure,13023, Final,最终答案标题,seed
Token V4,math,Structure,16141,Answer,最终答案标题,seed
Token V4,math,Structure,19357,Final,最终答案标题,seed
Token V4,math,Structure,21806, Answer,最终答案标题,seed
Token V4,math,Structure,79075,boxed,答案容器,seed
Token V4,math,Structure,151645,<|im_end|>,结束,seed
Token V4,code,Control,258,in,D 介词/功能词,DomainControl (four-baseline taxonomy)
Token V4,code,Control,263,on,D 介词/功能词,DomainControl (four-baseline taxonomy)
Token V4,code,Control,269,or,D 介词/功能词,DomainControl (four-baseline taxonomy)
Token V4,code,Control,300,as,D 介词/功能词,DomainControl (four-baseline taxonomy)
Token V4,code,Control,304, in,D 介词/功能词,DomainControl (four-baseline taxonomy)
Token V4,code,Control,323, and,D 介词/功能词,DomainControl (four-baseline taxonomy)
Token V4,code,Control,333,if,A 推理连接词,DomainControl (four-baseline taxonomy)
Token V4,code,Control,369, for,D 介词/功能词,DomainControl (four-baseline taxonomy)
Token V4,code,Control,389, on,D 介词/功能词,DomainControl (four-baseline taxonomy)
Token V4,code,Control,421, if,A 推理连接词,DomainControl (four-baseline taxonomy)
Token V4,code,Control,437,and,D 介词/功能词,DomainControl (four-baseline taxonomy)
Token V4,code,Control,438, as,D 介词/功能词,DomainControl (four-baseline taxonomy)
Token V4,code,Control,448, with,D 介词/功能词,DomainControl (four-baseline taxonomy)
Token V4,code,Control,476, or,D 介词/功能词,DomainControl (four-baseline taxonomy)
Token V4,code,Control,504, from,D 介词/功能词,DomainControl (four-baseline taxonomy)
Token V4,code,Control,553, by,D 介词/功能词,DomainControl (four-baseline taxonomy)
Token V4,code,Control,641,In,D 介词/功能词,DomainControl (four-baseline taxonomy)
Token V4,code,Control,704,so,A 推理连接词,DomainControl (four-baseline taxonomy)
Token V4,code,Control,711,ON,D 介词/功能词,DomainControl (four-baseline taxonomy)
Token V4,code,Control,714, but,A 推理连接词,DomainControl (four-baseline taxonomy)
Token V4,code,Control,758, In,D 介词/功能词,DomainControl (four-baseline taxonomy)
Token V4,code,Control,770, else,D 介词/功能词,DomainControl (four-baseline taxonomy)
Token V4,code,Control,773, so,A 推理连接词,DomainControl (four-baseline taxonomy)
Token V4,code,Control,868,OR,D 介词/功能词,DomainControl (four-baseline taxonomy)
Token V4,code,Control,911, about,D 介词/功能词,DomainControl (four-baseline taxonomy)
Token V4,code,Control,979, when,D 介词/功能词,DomainControl (four-baseline taxonomy)
Token V4,code,Control,983,to,D 介词/功能词,DomainControl (four-baseline taxonomy)
Token V4,code,Control,1075, like,D 介词/功能词,DomainControl (four-baseline taxonomy)
Token V4,code,Control,1083, also,A 推理连接词,DomainControl (four-baseline taxonomy)
Token V4,code,Control,1156, first,B 推理步骤/假设标记,DomainControl (four-baseline taxonomy)
Token V4,code,Control,1172, only,D 介词/功能词,DomainControl (four-baseline taxonomy)
Token V4,code,Control,1221, then,A 推理连接词,DomainControl (four-baseline taxonomy)
Token V4,code,Control,1249,To,D 介词/功能词,DomainControl (four-baseline taxonomy)
Token V4,code,Control,1283, after,D 介词/功能词,DomainControl (four-baseline taxonomy)
Token V4,code,Control,1380, where,D 介词/功能词,DomainControl (four-baseline taxonomy)
Token V4,code,Control,1393, while,D 介词/功能词,DomainControl (four-baseline taxonomy)
Token V4,code,Control,1416, If,A 推理连接词,DomainControl (four-baseline taxonomy)
Token V4,code,Control,1431, now,B 推理步骤/假设标记,DomainControl (four-baseline taxonomy)
Token V4,code,Control,1499,from,D 介词/功能词,DomainControl (four-baseline taxonomy)
Token V4,code,Control,1503,else,D 介词/功能词,DomainControl (four-baseline taxonomy)
Token V4,code,Control,1573, before,D 介词/功能词,DomainControl (four-baseline taxonomy)
Token V4,code,Control,1576, because,A 推理连接词,DomainControl (four-baseline taxonomy)
Token V4,code,Control,1597, And,D 介词/功能词,DomainControl (four-baseline taxonomy)
Token V4,code,Control,1694,by,D 介词/功能词,DomainControl (four-baseline taxonomy)
Token V4,code,Control,1752, For,D 介词/功能词,DomainControl (four-baseline taxonomy)
Token V4,code,Control,1790, next,B 推理步骤/假设标记,DomainControl (four-baseline taxonomy)
Token V4,code,Control,1913, On,D 介词/功能词,DomainControl (four-baseline taxonomy)
Token V4,code,Control,1925,On,D 介词/功能词,DomainControl (four-baseline taxonomy)
Token V4,code,Control,1958,for,D 介词/功能词,DomainControl (four-baseline taxonomy)
Token V4,code,Control,1986,This,D 介词/功能词,DomainControl (four-baseline taxonomy)
Token V4,code,Control,1988, But,A 推理连接词,DomainControl (four-baseline taxonomy)
Token V4,code,Control,2014, To,D 介词/功能词,DomainControl (four-baseline taxonomy)
Token V4,code,Control,2041, without,D 介词/功能词,DomainControl (four-baseline taxonomy)
Token V4,code,Control,2055, So,A 推理连接词,DomainControl (four-baseline taxonomy)
Token V4,code,Control,2058, still,A 推理连接词,DomainControl (four-baseline taxonomy)
Token V4,code,Control,2195,Or,D 介词/功能词,DomainControl (four-baseline taxonomy)
Token V4,code,Control,2461,For,D 介词/功能词,DomainControl (four-baseline taxonomy)
Token V4,code,Control,2474, since,A 推理连接词,DomainControl (four-baseline taxonomy)
Token V4,code,Control,2521, Or,D 介词/功能词,DomainControl (four-baseline taxonomy)
Token V4,code,Control,2661, given,D 介词/功能词,DomainControl (four-baseline taxonomy)
Token V4,code,Control,2679,If,A 推理连接词,DomainControl (four-baseline taxonomy)
Token V4,code,Control,2726, OR,D 介词/功能词,DomainControl (four-baseline taxonomy)
Token V4,code,Control,2870,where,D 介词/功能词,DomainControl (four-baseline taxonomy)
Token V4,code,Control,2937, later,D 介词/功能词,DomainControl (four-baseline taxonomy)
Token V4,code,Control,2938, That,D 介词/功能词,DomainControl (four-baseline taxonomy)
Token V4,code,Control,3036,And,D 介词/功能词,DomainControl (four-baseline taxonomy)
Token V4,code,Control,3055, once,D 介词/功能词,DomainControl (four-baseline taxonomy)
Token V4,code,Control,3080, until,D 介词/功能词,DomainControl (four-baseline taxonomy)
Token V4,code,Control,3085, With,D 介词/功能词,DomainControl (four-baseline taxonomy)
Token V4,code,Control,3197, When,D 介词/功能词,DomainControl (four-baseline taxonomy)
Token V4,code,Control,3243,only,D 介词/功能词,DomainControl (four-baseline taxonomy)
Token V4,code,Control,3391,then,A 推理连接词,DomainControl (four-baseline taxonomy)
Token V4,code,Control,3425, whether,A 推理连接词,DomainControl (four-baseline taxonomy)
Token V4,code,Control,3472,while,D 介词/功能词,DomainControl (four-baseline taxonomy)
Token V4,code,Control,3498, though,A 推理连接词,DomainControl (four-baseline taxonomy)
Token V4,code,Control,3567, AND,D 介词/功能词,DomainControl (four-baseline taxonomy)
Token V4,code,Control,3600,next,B 推理步骤/假设标记,DomainControl (four-baseline taxonomy)
Token V4,code,Control,3602, yet,A 推理连接词,DomainControl (four-baseline taxonomy)
Token V4,code,Control,3650, except,D 介词/功能词,DomainControl (four-baseline taxonomy)
Token V4,code,Control,3830,From,D 介词/功能词,DomainControl (four-baseline taxonomy)
Token V4,code,Control,3983,But,A 推理连接词,DomainControl (four-baseline taxonomy)
Token V4,code,Control,4197,with,D 介词/功能词,DomainControl (four-baseline taxonomy)
Token V4,code,Control,4226, answer,C 答案标记,DomainControl (four-baseline taxonomy)
Token V4,code,Control,4354, However,A 推理连接词,DomainControl (four-baseline taxonomy)
Token V4,code,Control,4416,So,A 推理连接词,DomainControl (four-baseline taxonomy)
Token V4,code,Control,4498,When,D 介词/功能词,DomainControl (four-baseline taxonomy)
Token V4,code,Control,4518, instead,A 推理连接词,DomainControl (four-baseline taxonomy)
Token V4,code,Control,4623, further,A 推理连接词,DomainControl (four-baseline taxonomy)
Token V4,code,Control,4636, After,D 介词/功能词,DomainControl (four-baseline taxonomy)
Token V4,code,Control,4695, Now,B 推理步骤/假设标记,DomainControl (four-baseline taxonomy)
Token V4,code,Control,4803,like,D 介词/功能词,DomainControl (four-baseline taxonomy)
Token V4,code,Control,5005, Then,A 推理连接词,DomainControl (four-baseline taxonomy)
Token V4,code,Control,5338,First,B 推理步骤/假设标记,DomainControl (four-baseline taxonomy)
Token V4,code,Control,5519, plus,D 介词/功能词,DomainControl (four-baseline taxonomy)
Token V4,code,Control,5542, From,D 介词/功能词,DomainControl (four-baseline taxonomy)
Token V4,code,Control,5937, otherwise,A 推理连接词,DomainControl (four-baseline taxonomy)
Token V4,code,Control,5976, While,D 介词/功能词,DomainControl (four-baseline taxonomy)
Token V4,code,Control,6025,After,D 介词/功能词,DomainControl (four-baseline taxonomy)
Token V4,code,Control,6197, ON,D 介词/功能词,DomainControl (four-baseline taxonomy)
Token V4,code,Control,6788, earlier,D 介词/功能词,DomainControl (four-baseline taxonomy)
Token V4,code,Control,7039,Now,B 推理步骤/假设标记,DomainControl (four-baseline taxonomy)
Token V4,code,Control,7138,plus,D 介词/功能词,DomainControl (four-baseline taxonomy)
Token V4,code,Control,7241, unless,A 推理连接词,DomainControl (four-baseline taxonomy)
Token V4,code,Control,7281, Also,A 推理连接词,DomainControl (four-baseline taxonomy)
Token V4,code,Control,7308,Only,D 介词/功能词,DomainControl (four-baseline taxonomy)
Token V4,code,Control,7797, beyond,D 介词/功能词,DomainControl (four-baseline taxonomy)
Token V4,code,Control,8088,but,A 推理连接词,DomainControl (four-baseline taxonomy)
Token V4,code,Control,8278, Only,D 介词/功能词,DomainControl (four-baseline taxonomy)
Token V4,code,Control,8450, thus,A 推理连接词,DomainControl (four-baseline taxonomy)
Token V4,code,Control,8597, previously,D 介词/功能词,DomainControl (four-baseline taxonomy)
Token V4,code,Control,8704, Since,A 推理连接词,DomainControl (four-baseline taxonomy)
Token V4,code,Control,9064,Where,D 介词/功能词,DomainControl (four-baseline taxonomy)
Token V4,code,Control,9112,Note,B 推理步骤/假设标记,DomainControl (four-baseline taxonomy)
Token V4,code,Control,9211, Because,A 推理连接词,DomainControl (four-baseline taxonomy)
Token V4,code,Control,9295, Next,B 推理步骤/假设标记,DomainControl (four-baseline taxonomy)
Token V4,code,Control,9309,when,D 介词/功能词,DomainControl (four-baseline taxonomy)
Token V4,code,Control,9646, Once,D 介词/功能词,DomainControl (four-baseline taxonomy)
Token V4,code,Control,9658, assume,B 推理步骤/假设标记,DomainControl (four-baseline taxonomy)
Token V4,code,Control,10694,after,D 介词/功能词,DomainControl (four-baseline taxonomy)
Token V4,code,Control,11209,However,A 推理连接词,DomainControl (four-baseline taxonomy)
Token V4,code,Control,11284,since,A 推理连接词,DomainControl (four-baseline taxonomy)
Token V4,code,Control,11683,except,D 介词/功能词,DomainControl (four-baseline taxonomy)
Token V4,code,Control,12090, Instead,A 推理连接词,DomainControl (four-baseline taxonomy)
Token V4,code,Control,12209,Then,A 推理连接词,DomainControl (four-baseline taxonomy)
Token V4,code,Control,12522,Once,D 介词/功能词,DomainControl (four-baseline taxonomy)
Token V4,code,Control,12549,Since,A 推理连接词,DomainControl (four-baseline taxonomy)
Token V4,code,Control,13184,once,D 介词/功能词,DomainControl (four-baseline taxonomy)
Token V4,code,Control,13394,Also,A 推理连接词,DomainControl (four-baseline taxonomy)
Token V4,code,Control,14801,before,D 介词/功能词,DomainControl (four-baseline taxonomy)
Token V4,code,Control,15277, Therefore,A 推理连接词,DomainControl (four-baseline taxonomy)
Token V4,code,Control,15356, whenever,D 介词/功能词,DomainControl (four-baseline taxonomy)
Token V4,code,Control,15484, regardless,D 介词/功能词,DomainControl (four-baseline taxonomy)
Token V4,code,Control,16246, Given,D 介词/功能词,DomainControl (four-baseline taxonomy)
Token V4,code,Control,17375, Finally,A 推理连接词,DomainControl (four-baseline taxonomy)
Token V4,code,Control,17949,Because,A 推理连接词,DomainControl (four-baseline taxonomy)
Token V4,code,Control,18214, Otherwise,A 推理连接词,DomainControl (four-baseline taxonomy)
Token V4,code,Control,18804, Else,D 介词/功能词,DomainControl (four-baseline taxonomy)
Token V4,code,Control,22043,Given,D 介词/功能词,DomainControl (four-baseline taxonomy)
Token V4,code,Control,22477, suppose,B 推理步骤/假设标记,DomainControl (four-baseline taxonomy)
Token V4,code,Control,22971,Else,D 介词/功能词,DomainControl (four-baseline taxonomy)
Token V4,code,Control,23322,Still,A 推理连接词,DomainControl (four-baseline taxonomy)
Token V4,code,Control,23949,Finally,A 推理连接词,DomainControl (four-baseline taxonomy)
Token V4,code,Control,27079, accordingly,A 推理连接词,DomainControl (four-baseline taxonomy)
Token V4,code,Control,27653,because,A 推理连接词,DomainControl (four-baseline taxonomy)
Token V4,code,Control,28996,without,D 介词/功能词,DomainControl (four-baseline taxonomy)
Token V4,code,Control,30787,Instead,A 推理连接词,DomainControl (four-baseline taxonomy)
Token V4,code,Control,34239, Similarly,A 推理连接词,DomainControl (four-baseline taxonomy)
Token V4,code,Control,35587,Unless,A 推理连接词,DomainControl (four-baseline taxonomy)
Token V4,code,Control,41968,given,D 介词/功能词,DomainControl (four-baseline taxonomy)
Token V4,code,Control,44500,Thus,A 推理连接词,DomainControl (four-baseline taxonomy)
Token V4,code,Control,54815,Therefore,A 推理连接词,DomainControl (four-baseline taxonomy)
Token V4,code,Control,67691,Similarly,A 推理连接词,DomainControl (four-baseline taxonomy)
Token V4,code,Control,80456,Otherwise,A 推理连接词,DomainControl (four-baseline taxonomy)
Token V4,code,Control,92014,Alternatively,A 推理连接词,DomainControl (four-baseline taxonomy)
Token V4,code,Structure,526, int,读输入,sibling
Token V4,code,Structure,707, def,程序接口,seed
Token V4,code,Structure,750,def,程序接口,seed
Token V4,code,Structure,1005,().,读输入,seed
Token V4,code,Structure,1173, print,写输出,seed
Token V4,code,Structure,1350,print,写输出,seed
Token V4,code,Structure,1355,input,读输入,seed
Token V4,code,Structure,1548,(int,读输入,seed
Token V4,code,Structure,1887, main,程序接口,seed
Token V4,code,Structure,1946, input,读输入,seed
Token V4,code,Structure,2415, map,读输入,seed
Token V4,code,Structure,3817,main,程序接口,seed
Token V4,code,Structure,3932,"():
",程序接口,seed
Token V4,code,Structure,4125,.read,读输入,seed
Token V4,code,Structure,5138, join,写输出,seed
Token V4,code,Structure,5384,(input,读输入,seed
Token V4,code,Structure,5708, sys,读输入,seed
Token V4,code,Structure,5987,join,写输出,sibling
Token V4,code,Structure,6718, split,读输入,seed
Token V4,code,Structure,6960,split,读输入,seed
Token V4,code,Structure,7791,sys,读输入,seed
Token V4,code,Structure,9147,(map,读输入,seed
Token V4,code,Structure,11625, solve,程序接口,sibling
Token V4,code,Structure,12669,python,答案容器,seed
Token V4,code,Structure,13105,strip,读输入,seed
Token V4,code,Structure,31800,.readline,读输入,seed
Token V4,code,Structure,43184,.stdin,读输入,seed
Token V4,code,Structure,73594,```,答案容器,seed
Token V4,code,Structure,151645,<|im_end|>,结束,seed
Token V4,code,Structure,54275, ```,答案容器,sibling; tokenizer-resolved
Token V4,code,Structure,41233," ```
",答案容器,sibling; tokenizer-resolved
Token V4,code,Structure,59419,solve,程序接口,seed; tokenizer-resolved
Token V5,math,Control,333,if,A 推理连接词,DomainControl (four-baseline taxonomy)
Token V5,math,Control,421, if,A 推理连接词,DomainControl (four-baseline taxonomy)
Token V5,math,Control,704,so,A 推理连接词,DomainControl (four-baseline taxonomy)
Token V5,math,Control,714, but,A 推理连接词,DomainControl (four-baseline taxonomy)
Token V5,math,Control,773, so,A 推理连接词,DomainControl (four-baseline taxonomy)
Token V5,math,Control,1083, also,A 推理连接词,DomainControl (four-baseline taxonomy)
Token V5,math,Control,1156, first,B 推理步骤/假设标记,DomainControl (four-baseline taxonomy)
Token V5,math,Control,1221, then,A 推理连接词,DomainControl (four-baseline taxonomy)
Token V5,math,Control,1416, If,A 推理连接词,DomainControl (four-baseline taxonomy)
Token V5,math,Control,1431, now,B 推理步骤/假设标记,DomainControl (four-baseline taxonomy)
Token V5,math,Control,1576, because,A 推理连接词,DomainControl (four-baseline taxonomy)
Token V5,math,Control,1790, next,B 推理步骤/假设标记,DomainControl (four-baseline taxonomy)
Token V5,math,Control,1988, But,A 推理连接词,DomainControl (four-baseline taxonomy)
Token V5,math,Control,2055, So,A 推理连接词,DomainControl (four-baseline taxonomy)
Token V5,math,Control,2058, still,A 推理连接词,DomainControl (four-baseline taxonomy)
Token V5,math,Control,2474, since,A 推理连接词,DomainControl (four-baseline taxonomy)
Token V5,math,Control,2679,If,A 推理连接词,DomainControl (four-baseline taxonomy)
Token V5,math,Control,3425, whether,A 推理连接词,DomainControl (four-baseline taxonomy)
Token V5,math,Control,3498, though,A 推理连接词,DomainControl (four-baseline taxonomy)
Token V5,math,Control,3602, yet,A 推理连接词,DomainControl (four-baseline taxonomy)
Token V5,math,Control,3983,But,A 推理连接词,DomainControl (four-baseline taxonomy)
Token V5,math,Control,4226, answer,C 答案标记,DomainControl (four-baseline taxonomy)
Token V5,math,Control,4354, However,A 推理连接词,DomainControl (four-baseline taxonomy)
Token V5,math,Control,4416,So,A 推理连接词,DomainControl (four-baseline taxonomy)
Token V5,math,Control,4518, instead,A 推理连接词,DomainControl (four-baseline taxonomy)
Token V5,math,Control,4623, further,A 推理连接词,DomainControl (four-baseline taxonomy)
Token V5,math,Control,4751, rather,A 推理连接词,DomainControl (four-baseline taxonomy)
Token V5,math,Control,5005, Then,A 推理连接词,DomainControl (four-baseline taxonomy)
Token V5,math,Control,5338,First,B 推理步骤/假设标记,DomainControl (four-baseline taxonomy)
Token V5,math,Control,5627, SO,A 推理连接词,DomainControl (four-baseline taxonomy)
Token V5,math,Control,5937, otherwise,A 推理连接词,DomainControl (four-baseline taxonomy)
Token V5,math,Control,7039,Now,B 推理步骤/假设标记,DomainControl (four-baseline taxonomy)
Token V5,math,Control,7241, unless,A 推理连接词,DomainControl (four-baseline taxonomy)
Token V5,math,Control,8088,but,A 推理连接词,DomainControl (four-baseline taxonomy)
Token V5,math,Control,8450, thus,A 推理连接词,DomainControl (four-baseline taxonomy)
Token V5,math,Control,8704, Since,A 推理连接词,DomainControl (four-baseline taxonomy)
Token V5,math,Control,9112,Note,B 推理步骤/假设标记,DomainControl (four-baseline taxonomy)
Token V5,math,Control,9211, Because,A 推理连接词,DomainControl (four-baseline taxonomy)
Token V5,math,Control,9658, assume,B 推理步骤/假设标记,DomainControl (four-baseline taxonomy)
Token V5,math,Control,11209,However,A 推理连接词,DomainControl (four-baseline taxonomy)
Token V5,math,Control,11284,since,A 推理连接词,DomainControl (four-baseline taxonomy)
Token V5,math,Control,12209,Then,A 推理连接词,DomainControl (four-baseline taxonomy)
Token V5,math,Control,12549,Since,A 推理连接词,DomainControl (four-baseline taxonomy)
Token V5,math,Control,12824, indeed,A 推理连接词,DomainControl (four-baseline taxonomy)
Token V5,math,Control,13394,Also,A 推理连接词,DomainControl (four-baseline taxonomy)
Token V5,math,Control,15277, Therefore,A 推理连接词,DomainControl (four-baseline taxonomy)
Token V5,math,Control,16085, hence,A 推理连接词,DomainControl (four-baseline taxonomy)
Token V5,math,Control,17949,Because,A 推理连接词,DomainControl (four-baseline taxonomy)
Token V5,math,Control,22477, suppose,B 推理步骤/假设标记,DomainControl (four-baseline taxonomy)
Token V5,math,Control,23322,Still,A 推理连接词,DomainControl (four-baseline taxonomy)
Token V5,math,Control,27653,because,A 推理连接词,DomainControl (four-baseline taxonomy)
Token V5,math,Control,30787,Instead,A 推理连接词,DomainControl (four-baseline taxonomy)
Token V5,math,Control,31040, Hence,A 推理连接词,DomainControl (four-baseline taxonomy)
Token V5,math,Control,38770,unless,A 推理连接词,DomainControl (four-baseline taxonomy)
Token V5,math,Control,44500,Thus,A 推理连接词,DomainControl (four-baseline taxonomy)
Token V5,math,Control,54815,Therefore,A 推理连接词,DomainControl (four-baseline taxonomy)
Token V5,math,Control,67691,Similarly,A 推理连接词,DomainControl (four-baseline taxonomy)
Token V5,math,Control,73877, Conclusion,C 答案标记,DomainControl (four-baseline taxonomy)
Token V5,math,Control,92014,Alternatively,A 推理连接词,DomainControl (four-baseline taxonomy)
Token V5,math,Structure,13023, Final,最终答案标题,seed
Token V5,math,Structure,16141,Answer,最终答案标题,seed
Token V5,math,Structure,19357,Final,最终答案标题,seed
Token V5,math,Structure,21806, Answer,最终答案标题,seed
Token V5,math,Structure,79075,boxed,答案容器,seed
Token V5,math,Structure,151645,<|im_end|>,结束,seed
Token V5,code,Control,333,if,A 推理连接词,DomainControl (four-baseline taxonomy)
Token V5,code,Control,421, if,A 推理连接词,DomainControl (four-baseline taxonomy)
Token V5,code,Control,704,so,A 推理连接词,DomainControl (four-baseline taxonomy)
Token V5,code,Control,714, but,A 推理连接词,DomainControl (four-baseline taxonomy)
Token V5,code,Control,773, so,A 推理连接词,DomainControl (four-baseline taxonomy)
Token V5,code,Control,1083, also,A 推理连接词,DomainControl (four-baseline taxonomy)
Token V5,code,Control,1156, first,B 推理步骤/假设标记,DomainControl (four-baseline taxonomy)
Token V5,code,Control,1221, then,A 推理连接词,DomainControl (four-baseline taxonomy)
Token V5,code,Control,1416, If,A 推理连接词,DomainControl (four-baseline taxonomy)
Token V5,code,Control,1431, now,B 推理步骤/假设标记,DomainControl (four-baseline taxonomy)
Token V5,code,Control,1576, because,A 推理连接词,DomainControl (four-baseline taxonomy)
Token V5,code,Control,1790, next,B 推理步骤/假设标记,DomainControl (four-baseline taxonomy)
Token V5,code,Control,1988, But,A 推理连接词,DomainControl (four-baseline taxonomy)
Token V5,code,Control,2055, So,A 推理连接词,DomainControl (four-baseline taxonomy)
Token V5,code,Control,2058, still,A 推理连接词,DomainControl (four-baseline taxonomy)
Token V5,code,Control,2474, since,A 推理连接词,DomainControl (four-baseline taxonomy)
Token V5,code,Control,2679,If,A 推理连接词,DomainControl (four-baseline taxonomy)
Token V5,code,Control,3391,then,A 推理连接词,DomainControl (four-baseline taxonomy)
Token V5,code,Control,3425, whether,A 推理连接词,DomainControl (four-baseline taxonomy)
Token V5,code,Control,3498, though,A 推理连接词,DomainControl (four-baseline taxonomy)
Token V5,code,Control,3600,next,B 推理步骤/假设标记,DomainControl (four-baseline taxonomy)
Token V5,code,Control,3602, yet,A 推理连接词,DomainControl (four-baseline taxonomy)
Token V5,code,Control,3983,But,A 推理连接词,DomainControl (four-baseline taxonomy)
Token V5,code,Control,4226, answer,C 答案标记,DomainControl (four-baseline taxonomy)
Token V5,code,Control,4354, However,A 推理连接词,DomainControl (four-baseline taxonomy)
Token V5,code,Control,4416,So,A 推理连接词,DomainControl (four-baseline taxonomy)
Token V5,code,Control,4518, instead,A 推理连接词,DomainControl (four-baseline taxonomy)
Token V5,code,Control,4623, further,A 推理连接词,DomainControl (four-baseline taxonomy)
Token V5,code,Control,4695, Now,B 推理步骤/假设标记,DomainControl (four-baseline taxonomy)
Token V5,code,Control,5005, Then,A 推理连接词,DomainControl (four-baseline taxonomy)
Token V5,code,Control,5338,First,B 推理步骤/假设标记,DomainControl (four-baseline taxonomy)
Token V5,code,Control,5937, otherwise,A 推理连接词,DomainControl (four-baseline taxonomy)
Token V5,code,Control,7039,Now,B 推理步骤/假设标记,DomainControl (four-baseline taxonomy)
Token V5,code,Control,7241, unless,A 推理连接词,DomainControl (four-baseline taxonomy)
Token V5,code,Control,7281, Also,A 推理连接词,DomainControl (four-baseline taxonomy)
Token V5,code,Control,8088,but,A 推理连接词,DomainControl (four-baseline taxonomy)
Token V5,code,Control,8450, thus,A 推理连接词,DomainControl (four-baseline taxonomy)
Token V5,code,Control,8704, Since,A 推理连接词,DomainControl (four-baseline taxonomy)
Token V5,code,Control,9112,Note,B 推理步骤/假设标记,DomainControl (four-baseline taxonomy)
Token V5,code,Control,9211, Because,A 推理连接词,DomainControl (four-baseline taxonomy)
Token V5,code,Control,9295, Next,B 推理步骤/假设标记,DomainControl (four-baseline taxonomy)
Token V5,code,Control,9658, assume,B 推理步骤/假设标记,DomainControl (four-baseline taxonomy)
Token V5,code,Control,11209,However,A 推理连接词,DomainControl (four-baseline taxonomy)
Token V5,code,Control,11284,since,A 推理连接词,DomainControl (four-baseline taxonomy)
Token V5,code,Control,12090, Instead,A 推理连接词,DomainControl (four-baseline taxonomy)
Token V5,code,Control,12209,Then,A 推理连接词,DomainControl (four-baseline taxonomy)
Token V5,code,Control,12549,Since,A 推理连接词,DomainControl (four-baseline taxonomy)
Token V5,code,Control,13394,Also,A 推理连接词,DomainControl (four-baseline taxonomy)
Token V5,code,Control,15277, Therefore,A 推理连接词,DomainControl (four-baseline taxonomy)
Token V5,code,Control,17375, Finally,A 推理连接词,DomainControl (four-baseline taxonomy)
Token V5,code,Control,17949,Because,A 推理连接词,DomainControl (four-baseline taxonomy)
Token V5,code,Control,18214, Otherwise,A 推理连接词,DomainControl (four-baseline taxonomy)
Token V5,code,Control,22477, suppose,B 推理步骤/假设标记,DomainControl (four-baseline taxonomy)
Token V5,code,Control,23322,Still,A 推理连接词,DomainControl (four-baseline taxonomy)
Token V5,code,Control,23949,Finally,A 推理连接词,DomainControl (four-baseline taxonomy)
Token V5,code,Control,27079, accordingly,A 推理连接词,DomainControl (four-baseline taxonomy)
Token V5,code,Control,27653,because,A 推理连接词,DomainControl (four-baseline taxonomy)
Token V5,code,Control,30787,Instead,A 推理连接词,DomainControl (four-baseline taxonomy)
Token V5,code,Control,34239, Similarly,A 推理连接词,DomainControl (four-baseline taxonomy)
Token V5,code,Control,35587,Unless,A 推理连接词,DomainControl (four-baseline taxonomy)
Token V5,code,Control,44500,Thus,A 推理连接词,DomainControl (four-baseline taxonomy)
Token V5,code,Control,54815,Therefore,A 推理连接词,DomainControl (four-baseline taxonomy)
Token V5,code,Control,67691,Similarly,A 推理连接词,DomainControl (four-baseline taxonomy)
Token V5,code,Control,80456,Otherwise,A 推理连接词,DomainControl (four-baseline taxonomy)
Token V5,code,Control,92014,Alternatively,A 推理连接词,DomainControl (four-baseline taxonomy)
Token V5,code,Structure,526, int,读输入,sibling
Token V5,code,Structure,707, def,程序接口,seed
Token V5,code,Structure,750,def,程序接口,seed
Token V5,code,Structure,1005,().,读输入,seed
Token V5,code,Structure,1173, print,写输出,seed
Token V5,code,Structure,1350,print,写输出,seed
Token V5,code,Structure,1355,input,读输入,seed
Token V5,code,Structure,1548,(int,读输入,seed
Token V5,code,Structure,1887, main,程序接口,seed
Token V5,code,Structure,1946, input,读输入,seed
Token V5,code,Structure,2415, map,读输入,seed
Token V5,code,Structure,3817,main,程序接口,seed
Token V5,code,Structure,3932,"():
",程序接口,seed
Token V5,code,Structure,4125,.read,读输入,seed
Token V5,code,Structure,5138, join,写输出,seed
Token V5,code,Structure,5384,(input,读输入,seed
Token V5,code,Structure,5708, sys,读输入,seed
Token V5,code,Structure,5987,join,写输出,sibling
Token V5,code,Structure,6718, split,读输入,seed
Token V5,code,Structure,6960,split,读输入,seed
Token V5,code,Structure,7791,sys,读输入,seed
Token V5,code,Structure,9147,(map,读输入,seed
Token V5,code,Structure,11625, solve,程序接口,sibling
Token V5,code,Structure,12669,python,答案容器,seed
Token V5,code,Structure,13105,strip,读输入,seed
Token V5,code,Structure,31800,.readline,读输入,seed
Token V5,code,Structure,43184,.stdin,读输入,seed
Token V5,code,Structure,73594,```,答案容器,seed
Token V5,code,Structure,151645,<|im_end|>,结束,seed
Token V5,code,Structure,54275, ```,答案容器,sibling; tokenizer-resolved
Token V5,code,Structure,41233," ```
",答案容器,sibling; tokenizer-resolved
Token V5,code,Structure,59419,solve,程序接口,seed; tokenizer-resolved

